排行,视频标题,视频地址,作者,播放数,弹幕数
1,第十一个南京大屠杀死难者国家公祭日，请留一分钟,https://www.bilibili.com//www.bilibili.com/video/BV14wqhYYEb3,"
                新华社
              ","
                101.1万
              ","
                2.3万
              "
2,【米饭仙人】第一次体验羊肉串！,https://www.bilibili.com//www.bilibili.com/video/BV1SJqCYzEL7,"
                米饭仙人FFyasueda
              ","
                271.9万
              ","
                1.5万
              "
3,曾经我也想过一了百了,https://www.bilibili.com//www.bilibili.com/video/BV1CAqSYyEBK,"
                丁斯塔科维奇
              ","
                162.8万
              ","
                2788
              "
4,因为自己淋过雨，所以更希望为别人撑伞。,https://www.bilibili.com//www.bilibili.com/video/BV161q3YaEGd,"
                贝爷是超人
              ","
                86万
              ","
                3.3万
              "
5,网友：这是三十六计中的哪一计？,https://www.bilibili.com//www.bilibili.com/video/BV1fSqmYvE5w,"
                共青团中央
              ","
                281.5万
              ","
                1573
              "
6,《巫师4》｜官方首发预告片,https://www.bilibili.com//www.bilibili.com/video/BV197qiYoEVn,"
                CD_PROJEKT
              ","
                188.5万
              ","
                1.9万
              "
7,《万恶电梯》蹲坑版！,https://www.bilibili.com//www.bilibili.com/video/BV1rmqSYyEtH,"
                小何动漫i
              ","
                325.4万
              ","
                169
              "
8,须知少时凌云志，曾许人间第一流【Theshy集锦】,https://www.bilibili.com//www.bilibili.com/video/BV19rqUYfEen,"
                TheShy
              ","
                95.2万
              ","
                5839
              "
9,跟随7671个背影，在无数个平行宇宙中向前走,https://www.bilibili.com//www.bilibili.com/video/BV1pzq3YiEqe,"
                影视飓风
              ","
                105.6万
              ","
                2559
              "
10,ぬぬぬぬぬぬぬぬぬぬぬぬぬぬぬぬぬぬぬぬぬぬぬぬぬぬぬぬぬぬぬぬぬぬぬぬぬぬぬぬぬぬぬぬぬぬぬぬぬぬぬぬぬぬぬぬぬぬぬ￤みむかｩわナイストライ￤初音ミク￤ボカロ,https://www.bilibili.com//www.bilibili.com/video/BV1Y9iZYUE6y,"
                ぬぬぬぬぬぬぬぬぬぬ
              ","
                604.6万
              ","
                9340
              "
11,2024国产烂片爆笑盘点，暨第八届中国电影金菊花颁奖典礼！,https://www.bilibili.com//www.bilibili.com/video/BV1ViqGYtEBZ,"
                刘老师说电影
              ","
                201.1万
              ","
                1.7万
              "
12,当我在游戏里为“星期日”拍照...【崩铁摄影第三期】,https://www.bilibili.com//www.bilibili.com/video/BV1Gkq2YHENw,"
                语堂天天啃土
              ","
                47万
              ","
                559
              "
13,首通？全网首发！速通连战最高难度9禁万样骁凶！8分22秒32,https://www.bilibili.com//www.bilibili.com/video/BV1S1qyY6EqP,"
                可惜加油kxjy
              ","
                119.6万
              ","
                3012
              "
14,《 骂 》,https://www.bilibili.com//www.bilibili.com/video/BV1eZqiY8EiP,"
                哦呼w
              ","
                103.5万
              ","
                996
              "
15,《鸣潮》TGA2024宣传视频 | 每一次抉择,https://www.bilibili.com//www.bilibili.com/video/BV1p5qhYsEW6,"
                鸣潮
              ","
                167.5万
              ","
                6073
              "
16,大牙|| 肖4马原分析题精讲带背，一听你就会！,https://www.bilibili.com//www.bilibili.com/video/BV17bqcYYEco,"
                大牙考研
              ","
                206.9万
              ","
                8.2万
              "
17,24下 四六级考前50分系列--必考词汇预测,https://www.bilibili.com//www.bilibili.com/video/BV15yqDYiE2t,"
                我是瑞斯拜
              ","
                94.2万
              ","
                1.9万
              "
18,时尚博主的婚礼，可以有多疯？,https://www.bilibili.com//www.bilibili.com/video/BV119qyYNEdh,"
                AHALOLO
              ","
                73.1万
              ","
                2.3万
              "
19,《绝区零》浅羽悠真角色展示 | 乌鸦停落之日,https://www.bilibili.com//www.bilibili.com/video/BV1ZEqKYyEkT,"
                绝区零
              ","
                220.1万
              ","
                1.9万
              "
20,观我往旧，同我仰春。,https://www.bilibili.com//www.bilibili.com/video/BV1jdqmYhEFF,"
                记住周淮
              ","
                72.1万
              ","
                1857
              "
21,两个小天使的友谊 让我露出来姨母笑,https://www.bilibili.com//www.bilibili.com/video/BV16cq1Y8EQM,"
                SEE-NN
              ","
                117.4万
              ","
                240
              "
22,本视频共计3分40秒，带你不同国家的标志性美人，是不是最美你们来说！,https://www.bilibili.com//www.bilibili.com/video/BV118q3YkEd1,"
                晴子Clip
              ","
                83.8万
              ","
                1860
              "
23,别人都只能契约一只鬼，而你能无限契约鬼,https://www.bilibili.com//www.bilibili.com/video/BV1Sqq6Y8EZ8,"
                是画玖呀
              ","
                81.1万
              ","
                1731
              "
24,2024年度十大烂片盘点！没有最烂只有更烂，今年最抽象的电影都在这了！,https://www.bilibili.com//www.bilibili.com/video/BV1FPq1YbEpx,"
                三代鹿人
              ","
                153.4万
              ","
                4639
              "
25,"物理正确的史莱姆模拟, 给它喝汽水会变稀哦",https://www.bilibili.com//www.bilibili.com/video/BV19pqPYPEUm,"
                AshBender
              ","
                131.2万
              ","
                1266
              "
26,除非你是江南style,https://www.bilibili.com//www.bilibili.com/video/BV1aLqCYGE8L,"
                威猛先生泡茶喝
              ","
                87.2万
              ","
                207
              "
27,一个月不充钱直接被系统移除游戏？国产手游里的究极逆天代表！纯纯的神人游戏！,https://www.bilibili.com//www.bilibili.com/video/BV1iMq3YoEvH,"
                一叮当猫一
              ","
                139.6万
              ","
                1325
              "
28,【蹲坑版】耗时99999秒制作，御兽战神究极无敌大合集！！,https://www.bilibili.com//www.bilibili.com/video/BV1o7qKYLEbd,"
                是木易呀D
              ","
                179.6万
              ","
                44
              "
29,f3篮团放大招！~《极乐净土》花式篮球团舞高清版！哔哩哔哩史上最强帅呆了有木有！~,https://www.bilibili.com//www.bilibili.com/video/BV1X2BRYCEPB,"
                f3篮团花式篮球团舞
              ","
                120.6万
              ","
                2360
              "
30,真不爱来养老院，太累,https://www.bilibili.com//www.bilibili.com/video/BV1J4qAYkE7Z,"
                周大爷不服老
              ","
                324万
              ","
                2880
              "
31,我的世界：这是MC？又拿照片骗我？,https://www.bilibili.com//www.bilibili.com/video/BV1Bfq6YLEdZ,"
                图图图酱吖
              ","
                156.2万
              ","
                464
              "
32,农民为啥这么难？因为给农民发声的人，一般都没好下场！【尘肺病农民工调研03】,https://www.bilibili.com//www.bilibili.com/video/BV1Mfq8YiEQb,"
                王小七Fire
              ","
                52.2万
              ","
                963
              "
33,没想到惊喜不惊喜意外不意外,https://www.bilibili.com//www.bilibili.com/video/BV1LdqmYhE15,"
                大森子哈哈哈
              ","
                56万
              ","
                846
              "
34,抽象与烂片の顶点！爆笑吐槽《749局》，看完人笑傻了哈哈哈哈,https://www.bilibili.com//www.bilibili.com/video/BV1bEqrYaEJj,"
                文西与阿漆
              ","
                190.5万
              ","
                1.7万
              "
35,开箱600元“网红巨桶泡面”！！,https://www.bilibili.com//www.bilibili.com/video/BV1daqGYFEWM,"
                穿毛裤的小拉泽
              ","
                165.4万
              ","
                3868
              "
36,男人拍肩，无须多言,https://www.bilibili.com//www.bilibili.com/video/BV1MKqgYgE51,"
                阿瘫呀
              ","
                89.2万
              ","
                5670
              "
37,一个当年并不火的动画，为啥之后人气越来越高？,https://www.bilibili.com//www.bilibili.com/video/BV11aq3Y3ERo,"
                The梁某人
              ","
                84万
              ","
                2470
              "
38,从春天拍到冬天 直观看到猫咪体重和年龄的变化,https://www.bilibili.com//www.bilibili.com/video/BV19GqCY5ESL,"
                独生子的日常
              ","
                202.1万
              ","
                93
              "
39,冰霜项羽！破釜沉舟！,https://www.bilibili.com//www.bilibili.com/video/BV1XWqSYcEd4,"
                尴尬的铁根er
              ","
                141.4万
              ","
                1240
              "
40,【超人杯】Major特别篇！强度超级加倍！快乐超级加倍！,https://www.bilibili.com//www.bilibili.com/video/BV1X6q2YQEYn,"
                一枪超人CSGO
              ","
                69.9万
              ","
                2730
              "
41,全网首发！被病娇手游美少女绑架《米塔》双结局,https://www.bilibili.com//www.bilibili.com/video/BV1aWirYNEpm,"
                坂本叔
              ","
                54.9万
              ","
                4227
              "
42,坏了遇到同行了,https://www.bilibili.com//www.bilibili.com/video/BV1R5q1YDEsd,"
                犬山cherry
              ","
                147.7万
              ","
                98
              "
43,一个反复拯救我于糟糕情绪的视频。【天津慢游记03】,https://www.bilibili.com//www.bilibili.com/video/BV1CKqSYkEhn,"
                盗月社食遇记
              ","
                71.3万
              ","
                7287
              "
44,罪犯还是英雄？美网民狂挺疑似医保案被捕枪手 高管人人自危,https://www.bilibili.com//www.bilibili.com/video/BV1ueq6YYECn,"
                波士顿圆脸
              ","
                107.3万
              ","
                8440
              "
45,【Links】历时九个月，我终于登上了那座山！瑞士马特洪峰,https://www.bilibili.com//www.bilibili.com/video/BV13qqkYuEGo,"
                Linksphotograph
              ","
                42.5万
              ","
                3717
              "
46,猫头鹰：糟了，我好像被绑架了！,https://www.bilibili.com//www.bilibili.com/video/BV1fHqhYSED8,"
                猫后生
              ","
                116.7万
              ","
                289
              "
47,全程荒诞！绑架线人玩赌命游戏，深夜查案找按摩女郎？国产刑侦剧《白夜破晓》第六案,https://www.bilibili.com//www.bilibili.com/video/BV169q6YUEqi,"
                小片片说大片
              ","
                86.3万
              ","
                2299
              "
48,快过年了，可爱的蛇年福字来啦～收藏起来❤️新年露一手吧！#新年福字 #写福字 #新年简笔画 #元旦主题画,https://www.bilibili.com//www.bilibili.com/video/BV13tqSYbEUB,"
                千寻简笔画102
              ","
                69.8万
              ","
                365
              "
49,【2024明日方舟仙术杯#6】赛事前瞻,https://www.bilibili.com//www.bilibili.com/video/BV1enqSYAEdT,"
                龙哥哥今天又鸽了
              ","
                48.3万
              ","
                2709
              "
50,《人生拌饭2.0》,https://www.bilibili.com//www.bilibili.com/video/BV1VGqXYKE6x,"
                李哥我饿了
              ","
                74.2万
              ","
                347
              "
51,好莱坞也爱拍霸总爽剧？2024年的好莱坞是什么样【穿越新大陆 01】,https://www.bilibili.com//www.bilibili.com/video/BV1KcqQYREUz,"
                食贫道
              ","
                76.5万
              ","
                9781
              "
52,我也不想捡啊，可它来我家门口了！,https://www.bilibili.com//www.bilibili.com/video/BV1bdqTYuEZc,"
                圆圆的智子
              ","
                77万
              ","
                1661
              "
53,《激情在燃烧 操作确实高》,https://www.bilibili.com//www.bilibili.com/video/BV1N5qGYkETz,"
                老龙女和扎克
              ","
                95.2万
              ","
                791
              "
54,独立女人第一课，永远只为幸福落泪,https://www.bilibili.com//www.bilibili.com/video/BV1AAqSY1Ejj,"
                八两银子i
              ","
                62.6万
              ","
                260
              "
55,全民末日求生，而我每天都能获得一种无限物资,https://www.bilibili.com//www.bilibili.com/video/BV1vQquYSEJx,"
                精品沙雕动漫动画
              ","
                51.1万
              ","
                61
              "
56,无极帝国长公主怎么会怕冷呢？,https://www.bilibili.com//www.bilibili.com/video/BV1iHqSYaE3H,"
                王墨绫子
              ","
                155万
              ","
                337
              "
57,【医学博士】如何快速瘦肚子？| 三个“好”习惯，“摧毁”你的肝！,https://www.bilibili.com//www.bilibili.com/video/BV1hiqJY6Edz,"
                兔叭咯
              ","
                256.6万
              ","
                3659
              "
58,一句话烧坏老板cpu,https://www.bilibili.com//www.bilibili.com/video/BV1V8q6YKEcr,"
                矮油王老六
              ","
                143.7万
              ","
                339
              "
59,当你考研时，遇到1+1,https://www.bilibili.com//www.bilibili.com/video/BV1Xtq6YiE6N,"
                万年逍遥人
              ","
                92.3万
              ","
                170
              "
60,邪恶龙娘1~9999集,https://www.bilibili.com//www.bilibili.com/video/BV1PVqHYNEAE,"
                两小无猜l
              ","
                135.1万
              ","
                7
              "
61,当你熟练掌握厄斐琉斯各种武器,https://www.bilibili.com//www.bilibili.com/video/BV1LHqSYYEwx,"
                热气re7
              ","
                53.9万
              ","
                5301
              "
62,桀桀桀！有本事就来阻止我们暗黑服装界呀！【泛式】,https://www.bilibili.com//www.bilibili.com/video/BV18pq1YLEQC,"
                泛式
              ","
                86.7万
              ","
                3842
              "
63,这一年，好像又什么都还没做呢,https://www.bilibili.com//www.bilibili.com/video/BV1g1q2YJEDJ,"
                是老胡没错
              ","
                91.8万
              ","
                880
              "
64,巧克力空岛（特别嘉宾）,https://www.bilibili.com//www.bilibili.com/video/BV1puqKYQEM2,"
                佳楠很难
              ","
                124.2万
              ","
                2375
              "
65,缉毒犬：你猜我喜不喜欢吃百香果,https://www.bilibili.com//www.bilibili.com/video/BV16uqSY6ESH,"
                猫meme家族剧
              ","
                95.5万
              ","
                116
              "
66,你化身诺亚人间体 在各个奥特曼副本里拯救世界,https://www.bilibili.com//www.bilibili.com/video/BV1puq6YSEna,"
                磷火动漫
              ","
                63.5万
              ","
                1612
              "
67,陈翔六点半：我淋过雨，所以想为你撑把伞,https://www.bilibili.com//www.bilibili.com/video/BV1uXqUYpEeW,"
                陈翔六点半
              ","
                138.5万
              ","
                1256
              "
68,是的，我有一个女儿。。,https://www.bilibili.com//www.bilibili.com/video/BV14qqSYHEaK,"
                知名相声演员BBBBB大王
              ","
                120.7万
              ","
                2323
              "
69,被我大招扎起来你不炸了吗？！！,https://www.bilibili.com//www.bilibili.com/video/BV1qLqmYZEMM,"
                佐悠-Leisurely
              ","
                74.2万
              ","
                954
              "
70,我从一个县城养老院看到了国内养老的现状和未来,https://www.bilibili.com//www.bilibili.com/video/BV12FqSY2Ebn,"
                就叫老张好了
              ","
                59万
              ","
                4397
              "
71,肖四带背丨把答案背活！背1题，答3题，不怕反押题！（已完结）,https://www.bilibili.com//www.bilibili.com/video/BV1hSqNYvEzR,"
                苏一说了
              ","
                175.4万
              ","
                1.8万
              "
72,【IGN】《艾尔登法环：黑夜君临》公布预告 | TGA 2024,https://www.bilibili.com//www.bilibili.com/video/BV1o5qBYqE6v,"
                IGN中国
              ","
                143.5万
              ","
                4640
              "
73,【出苍白海】EP-EX-1至EP-EX-8突袭 摆完挂机 简单好抄,https://www.bilibili.com//www.bilibili.com/video/BV1mWq8YbET9,"
                萧然Q
              ","
                181.7万
              ","
                1481
              "
74,第一次感觉玩游戏伤害到了NPC！！,https://www.bilibili.com//www.bilibili.com/video/BV1NEqUY1EYF,"
                企鹅带带北极熊
              ","
                84.3万
              ","
                4436
              "
75,用微笑烹饪，用美食治愈世界~,https://www.bilibili.com//www.bilibili.com/video/BV1geq6YYE4m,"
                女王厨房Surthycooks
              ","
                106.1万
              ","
                415
              "
76,谜底缓缓揭开,https://www.bilibili.com//www.bilibili.com/video/BV1tcqhYPEyj,"
                脱缰凯Kk
              ","
                84.6万
              ","
                928
              "
77,冬日穿搭很开门,https://www.bilibili.com//www.bilibili.com/video/BV1iQq3YtEJ2,"
                派小轩
              ","
                98.8万
              ","
                260
              "
78,【2024十大综艺名场面】爆笑盘点,https://www.bilibili.com//www.bilibili.com/video/BV1ofqbY1Erk,"
                一只吐槽圆
              ","
                92.3万
              ","
                1.1万
              "
79,生存靠贷款，40就自杀，谁来拯救深陷高负债危机的韩国年轻人,https://www.bilibili.com//www.bilibili.com/video/BV1B6qrY7EZv,"
                人间放映厅
              ","
                72.4万
              ","
                4033
              "
80,不同时期的学生起床,https://www.bilibili.com//www.bilibili.com/video/BV1f6q8YmEQt,"
                明朗很明朗
              ","
                80.6万
              ","
                206
              "
81,【大鸣王潮1566】团灭！今州五兄弟！,https://www.bilibili.com//www.bilibili.com/video/BV1DRqDYZEWD,"
                寞桀緣才
              ","
                51.1万
              ","
                1100
              "
82,在家咬了6人的小柯基，来狗场接受再教育，没想到它先给我上一课,https://www.bilibili.com//www.bilibili.com/video/BV1aWqmYpEpA,"
                豫西小丁
              ","
                130.4万
              ","
                2157
              "
83,假如欠银行一个亿，银行竟然会这样对你……,https://www.bilibili.com//www.bilibili.com/video/BV1SLqrYeEdf,"
                小聪明张建国
              ","
                194万
              ","
                23
              "
84,吕布就去中路打了波团，回来3坐塔都掉光了,https://www.bilibili.com//www.bilibili.com/video/BV1ZeqUYeEk4,"
                磊哥游戏
              ","
                80.2万
              ","
                725
              "
85,坐飞机头等舱的人都是什么职业？,https://www.bilibili.com//www.bilibili.com/video/BV1UrqkYvEZX,"
                艾维奇Vic
              ","
                49.8万
              ","
                912
              "
86,全城搜捕这条私自出逃的小野鱼。,https://www.bilibili.com//www.bilibili.com/video/BV1TEqDYWESN,"
                小呆动画
              ","
                102.2万
              ","
                3
              "
87,超写实开放世界扮猫游戏《Catly》，亮相TGA大会,https://www.bilibili.com//www.bilibili.com/video/BV1XfqaYVEAA,"
                Catly官方
              ","
                401.6万
              ","
                9487
              "
88,【野外生存】户外实用技能！如何自制无烟无味的木炭？,https://www.bilibili.com//www.bilibili.com/video/BV1PwqSYjEQv,"
                野外求生基里尔
              ","
                45.1万
              ","
                83
              "
89,【CS】零食先生们与中国小零食相遇~23分钟！！！良心之作！,https://www.bilibili.com//www.bilibili.com/video/BV15wqUY4Eh9,"
                G2电子竞技俱乐部
              ","
                57.9万
              ","
                4361
              "
90,火柴人刀影教学,https://www.bilibili.com//www.bilibili.com/video/BV1XLqCYGEci,"
                小叨叨火柴人
              ","
                73.3万
              ","
                132
              "
91,这一次让我们来到淞沪会战时期的上海,https://www.bilibili.com//www.bilibili.com/video/BV1KAqMYeEyf,"
                7月-主机3A
              ","
                101.5万
              ","
                225
              "
92,【战双帕弥什】新版本「醉狱谲笼」PV公开 | 迷幻诡夜，欺命赢家,https://www.bilibili.com//www.bilibili.com/video/BV1T7qUYjEHF,"
                战双帕弥什
              ","
                75.2万
              ","
                1196
              "
93,坏了，这个梗也被学到了,https://www.bilibili.com//www.bilibili.com/video/BV1mfqUY7EPu,"
                盛一金
              ","
                49.2万
              ","
                487
              "
94,只 倾 听 不 评 判,https://www.bilibili.com//www.bilibili.com/video/BV1rvqrYDEZG,"
                阿哲什么都会
              ","
                54.4万
              ","
                2372
              "
95,“那些只打高端局的宝藏音乐”（第二期）,https://www.bilibili.com//www.bilibili.com/video/BV1qaqcYhEMC,"
                宝藏音乐俱乐部
              ","
                76.6万
              ","
                12
              "
96,史上最全的年夜饭中式甜品教程来了！6道甜品保证你看了就会！,https://www.bilibili.com//www.bilibili.com/video/BV1a7q3YDEzH,"
                阿nic的每一餐
              ","
                23.3万
              ","
                121
              "
97,没钱会不会死？,https://www.bilibili.com//www.bilibili.com/video/BV1biq6YwEDg,"
                阿宅寒星星
              ","
                73万
              ","
                320
              "
98,用八公斤的水杯上体育课2,https://www.bilibili.com//www.bilibili.com/video/BV1s7qAYUEAX,"
                教体育的雷老师
              ","
                293.1万
              ","
                789
              "
99,小时候养了一群耗子,https://www.bilibili.com//www.bilibili.com/video/BV1sBq1YNEP9,"
                meme的爆米花
              ","
                47.6万
              ","
                366
              "
100,2024年怎么过得那么快,https://www.bilibili.com//www.bilibili.com/video/BV1xSqhYhEH9,"
                粤知一二
              ","
                71.1万
              ","
                1182
              "
